Weight.x,Converted_Arm,Converted_Hand,Height,Weight.y,Dash40,Shuttle20,Vertical,Position_Group
214,33,9.25,74,179,4.88,4.13,31.5,QB
214,33,9.25,74,179,4.88,4.13,31.5,QB
212,31.375,8.5,70,194,4.63,4.44,33.5,RB
233,32.625,10.375,73,224,4.8,4.5,28,RB
209,31,10,69,185,4.51,4.03,31.5,RB
197,32.75,10,70,200,4.62,4.02,36.8,WR
252,33,9.25,75,232,4.7,4.47,42,TE
266,34.125,9.5,71,170,4.84,4.37,31.8,DL
237,32.375,10,74,205,4.44,4.56,38,LB
210,30,10,71,202,4.56,4.16,29.5,DB
229,31.625,9.375,71,208,4.75,4.29,35,RB
217,30.25,9.375,70,200,4.62,4.02,36.8,RB
215,32.375,9.75,72,182,4.52,4.31,40.2,RB
231,32,8.625,75,314,5.95,5,19,RB
231,32,8.625,75,210,4.72,NA,24,RB
215,30.75,9.5,70,215,4.7,4.69,31.7,RB
195,29.875,8.25,68,180,4.37,4.38,35.5,RB
198,32.25,9.25,73,180,4.59,4.56,29.5,WR
213,33.75,9.875,75,191,4.51,4.4,38.1,WR
201,31.25,9,74,164,4.67,4.27,41.5,WR
196,29.625,8.25,75,228,5.28,4.69,24.7,WR
195,31.25,10,72,185,4.45,4.29,31.5,WR
185,30.25,9.375,69,167,4.43,4.28,36.5,WR
182,31.625,9,72,170,4.42,4.16,41,WR
238,33.25,9,76,203,4.4,4.5,36.5,WR
261,33,9.375,80,243,4.88,4.5,27.9,TE
305,33.25,10.375,77,281,5.37,4.89,24,OL
329,34.5,9.875,78,295,5.52,5.14,19.6,OL
307,33.625,10,78,275,5.17,4.88,27.6,OL
313,35,9.25,75,299,5.66,5.6,24.9,DL
338,34.125,9.875,76,305,5.11,4.77,28.1,DL
298,32.375,9.5,73,263,4.93,4.63,26.3,DL
227,30.25,9.25,74,215,4.51,4.2,33.8,LB
244,32.75,9.625,73,224,4.74,4.42,27.5,LB
228,33,9.5,74,210,4.57,4.21,30,LB
218,32.25,9.125,71,190,4.8,4.1,35.8,DB
196,32.125,9.125,73,190,4.42,4,38.4,DB
228,31.5,9.375,72,210,4.39,4.46,43.6,DB
193,31.375,8.625,71,176,4.31,4.28,36,DB
200,30.25,9.375,71,177,4.56,3.97,41.2,DB
218,32,9.5,72,188,4.65,4.27,23.5,DB
200,31,9.75,71,184,4.6,4.61,27,DB
209,32,9.5,75,195,4.65,4.65,30.1,DB
186,31,8.25,71,158,4.33,4.45,33,DB
194,31,8.625,72,180,4.46,4.31,39.6,DB
234,33.5,9.75,76,224,4.54,4.34,26.5,QB
234,33.5,9.75,76,224,4.54,4.34,26.5,QB
223,32,9,76,212,4.84,4.34,30.1,QB
228,30.25,9.375,70,210,4.71,4.25,30.9,RB
210,31.75,9.75,73,195,4.52,4.18,38.4,RB
247,33,8.75,75,243,4.72,4.47,37.5,RB
219,31.625,9.375,71,190,4.43,NA,33.8,RB
207,29.25,8.25,71,216,4.63,4.59,31,RB
204,30,9,68,190,4.61,4.19,34.5,RB
220,32,10.25,73,220,4.64,4.31,34,RB
197,29.5,9.125,70,185,4.63,3.93,31.2,WR
194,32.25,9,71,183,4.6,4.47,35.7,WR
194,32.25,9,74,170,4.44,4.48,33.5,WR
194,30.25,9,71,175,4.41,3.8,37.6,WR
203,32.25,9.125,71,181,4.75,4.35,30.2,WR
209,32.75,9.25,74,195,4.69,4.13,29,WR
203,33.375,10.5,75,175,4.75,4.39,30.7,WR
197,31.375,8.25,72,166,4.44,4.11,36.1,WR
215,32.375,9.5,74,200,4.55,4.25,40.1,WR
200,31.5,9.625,71,196,4.66,4.13,38.2,WR
248,34.5,10.125,77,238,5.18,5,28.7,TE
326,35.25,10.5,77,320,5.76,4.85,21.6,OL
312,33.875,10.125,77,285,5.38,4.68,28,OL
301,34,10.375,77,245,5.17,4.47,30.5,OL
311,33.625,9.625,76,264,5.05,4.78,26.5,OL
335,34.625,9.625,76,333,5.63,5.15,21.8,OL
305,33.5,9.75,78,270,5.31,4.52,28.3,OL
294,33.25,10.5,77,302,5.68,5.09,23.1,OL
303,33,9.875,75,280,5.28,4.61,27.6,OL
310,34.25,10,78,295,5.12,4.61,27.7,OL
293,32.625,9.625,74,280,5.36,4.73,25.3,DL
311,34.75,10,77,291,5.25,4.91,20.5,DL
320,32.75,9.875,73,297,4.9,5.04,NA,DL
294,33.875,10.375,77,265,NA,NA,32,DL
265,34.125,10.125,76,223,5.05,4.69,30.1,DL
303,33,9.375,76,248,4.82,4.56,34.3,DL
307,34.5,10.5,77,304,5.13,4.62,28.4,DL
253,32.25,9.375,76,220,5.27,4.51,25.4,DL
301,34.5,9.875,76,251,4.9,4.57,24.6,DL
259,34.25,11.25,75,245,4.67,4.41,33,LB
236,31,9.875,73,215,4.66,4.5,38.7,LB
232,33.25,9.75,74,205,4.68,4.53,34.6,LB
241,32,9.75,72,210,4.73,4.37,34.2,LB
237,31.625,10.875,73,242,5.1,NA,23.5,LB
248,31.25,9.875,74,225,4.65,4.31,26.5,LB
231,31,8.125,72,222,4.48,4.47,38.9,LB
254,33.875,10.25,75,184,4.75,4.27,37.1,LB
247,32,9.875,75,245,4.66,4.36,34.6,LB
223,33,9.5,75,212,4.59,4.41,32.6,LB
267,34.5,10.25,76,195,4.72,4.31,31.3,LB
199,31.375,9.375,72,185,4.63,4.26,32.2,DB
192,31.75,8.25,73,194,4.84,4.33,32.8,DB
193,33.25,9.5,72,183,4.5,4.32,33.7,DB
199,30.875,9.25,73,177,4.44,4.21,40.2,DB
212,32.375,10.5,73,185,4.52,4.44,35.6,DB
176,30.625,8.125,70,160,4.44,3.93,38,DB
197,31.375,9.125,71,185,4.46,4.13,32.5,DB
211,32.75,10.625,73,203,4.59,4.12,36.9,DB
209,33.375,9.5,72,190,4.54,4.04,40.9,DB
171,32.25,9,74,161,4.59,4.43,33.5,DB
185,31.375,9.375,72,165,4.63,4.03,32.5,DB
216,31.125,9.75,72,205,4.52,4.41,28.5,DB
193,31.5,9.25,71,175,4.49,4.35,35.2,DB
183,30.625,9.125,69,155,4.71,4.3,28.5,DB
216,32.625,9.25,75,190,4.94,NA,29,QB
213,32.25,9.625,75,195,4.62,4.06,36.6,QB
213,32.25,9.625,75,195,4.62,4.06,36.6,QB
221,33,9.75,75,190,4.89,4.24,34.2,QB
210,32.375,9.25,71,196,4.46,4.18,30.9,RB
208,31,9.625,73,199,4.71,4.12,37.3,RB
240,31.625,9.25,73,226,NA,4.3,29.9,RB
215,32.625,9.125,73,200,4.85,4.57,30.1,RB
232,30.375,9.375,72,221,4.48,4.2,37,RB
214,32.75,9.25,70,192,4.55,4.28,39.1,RB
213,32,9,71,192,4.6,4.59,32.9,RB
189,32,9,73,166,4.68,4.5,31.1,WR
222,31.75,9.125,74,215,NA,NA,25.3,WR
219,33,9.625,68,160,4.58,4.38,30.3,WR
202,32.125,9.125,73,175,4.72,4.51,25.5,WR
191,32,8.875,71,173,4.48,4.3,27,WR
212,32,9.5,74,205,4.5,4.62,33.5,WR
173,28.875,8.875,68,160,4.56,4.54,36,WR
199,30,9.25,72,176,4.45,3.87,44.1,WR
186,30.75,9,72,180,4.72,4.65,27.6,WR
216,32,10.125,73,195,4.6,NA,NA,WR
196,31.25,9.5,71,186,4.36,4.07,40.7,WR
181,28,9.25,69,170,4.52,3.91,32.5,WR
181,28.75,8.25,75,245,5.52,NA,19,WR
218,33.375,9.375,74,305,NA,4.85,24.9,WR
257,32.5,10.125,78,220,4.7,4.37,34.8,TE
353,34.875,10.75,80,305,5.54,5.34,19.6,OL
304,33.875,11.375,78,277,5.21,4.72,26,OL
318,33.5,10,78,315,5.13,5.02,24.3,OL
334,35,11,76,370,5.97,4.84,22.8,OL
311,34,10.125,77,271,5.3,4.63,26.8,OL
304,32.75,9.25,75,281,5.31,4.95,24.4,DL
259,32.125,10,75,274,4.89,4.24,29.3,DL
250,33.375,9.875,77,241,4.89,4.75,28.7,DL
307,32,9.75,75,304,5.39,4.7,26.7,DL
277,34.25,9.75,78,249,4.89,4.5,31.6,DL
257,32,10.5,75,235,4.69,4.46,30.5,DL
272,35.5,10.25,77,247,5.08,4.94,34,DL
310,32.375,10.25,76,271,5.22,4.91,24.7,DL
316,33.25,9.625,74,290,5.48,5.28,20.5,DL
261,31.5,10.375,75,251,5.11,4.87,26,DL
258,32.625,10.5,75,212,4.62,4.25,33.5,DL
313,30.625,9.375,73,282,5.39,4.81,25.8,DL
304,34.375,10.125,74,267,5.07,4.75,25.4,DL
273,33,9.375,75,256,4.95,4.25,36.7,DL
305,33.125,10.625,75,310,5.12,4.61,30.3,DL
241,32.125,9.125,75,231,4.73,4.34,29.3,LB
243,33,9.5,75,225,4.83,4.44,31.7,LB
238,30.5,10,73,225,5.03,4.17,30.1,LB
235,32.375,10.25,74,220,4.73,4.4,30.5,LB
240,33,9.75,74,249,4.79,4.15,36.3,LB
223,32,9.375,72,194,4.64,4.25,34.3,LB
228,30.5,9.625,73,220,4.74,4.3,32.6,LB
214,33.375,9.25,72,204,4.48,4.23,34,DB
215,34,10,73,287,5.22,4.6,28.8,DB
216,32.125,9.375,72,198,4.44,4.34,31.6,DB
197,32.25,8.75,72,179,4.48,4.27,32,DB
214,32.75,9.625,73,190,4.57,4.18,33.7,DB
200,32,9.5,74,172,4.67,3.93,38.6,DB
201,32.375,9.5,71,175,4.83,5.06,28.8,DB
189,31,9.375,73,181,4.61,4.14,36.3,DB
188,31.625,9.25,70,159,4.68,4.34,32,DB
212,32.5,9.125,72,195,4.64,4.23,31.9,DB
212,33.375,9.5,74,210,4.6,4.28,34.3,DB
177,31,8.375,70,152,4.68,4.19,34.4,DB
192,32.125,9.125,71,170,4.74,4.46,30,DB
211,32.25,9.625,73,197,4.6,4.16,32.4,DB
224,32,9.875,73,205,4.79,4.34,26,QB
221,31,9.375,76,209,4.95,4.47,26.8,QB
210,30.875,9.75,72,203,4.72,4.53,31.2,QB
216,33.125,9.5,75,209,NA,NA,36.2,QB
216,33.125,9.5,75,202,4.77,4.44,31.6,QB
218,32.5,10,75,191,5.19,4.63,27,QB
232,32.25,9.375,77,191,4.83,4.31,29.6,QB
232,32.25,9.375,77,191,4.83,4.31,29.6,QB
226,31.75,9.875,76,206,5.03,4.31,31,QB
233,31.375,9.5,72,208,4.66,4.5,36.2,RB
245,30.5,9.25,74,231,4.92,4.53,26.5,RB
245,30.5,9.25,74,231,4.92,4.53,26.5,RB
227,32,9.625,71,217,4.47,4.1,40.8,RB
223,30.5,9.25,70,205,4.85,4.41,28.7,RB
229,32,9.5,72,227,4.58,4.07,33.6,RB
224,30.75,9,71,215,4.61,4.66,30.4,RB
214,31.25,9.125,71,194,4.46,4.22,30.5,RB
218,28.75,9.25,69,197,4.65,4.28,31.6,RB
228,33.5,10,74,215,4.59,4.09,31,RB
202,30,9.25,70,185,4.68,4.38,33,RB
229,31,9.375,71,203,NA,4.18,28.4,RB
216,32.875,9,77,200,4.83,4.34,29.8,WR
202,33,8.75,74,190,4.58,4.43,30.6,WR
200,31.5,9.5,71,179,4.64,4.56,33,WR
226,31.375,9.25,74,202,4.55,4.13,38.2,WR
196,32.125,9.25,75,190,4.82,4.34,29.1,WR
201,30.375,9.875,71,197,4.49,4.15,37,WR
185,32.125,9.125,73,156,4.99,4.3,29.4,WR
189,30.375,9.375,71,176,4.55,4.12,33.5,WR
189,31.625,9.125,73,169,4.65,4.34,28.1,WR
228,33.75,9.375,77,206,NA,4.3,30.8,WR
247,34.125,10.25,77,220,5.19,4.64,24,TE
244,31.25,9.5,78,235,4.79,4.5,30.6,TE
300,32.375,9.25,73,287,5.22,4.6,28.8,OL
317,36.25,10,78,313,5.7,5.29,23.3,OL
321,33.5,9.25,76,290,5.5,5.52,23,OL
309,34,10.75,80,281,5.18,NA,27.2,OL
325,33.75,10.375,77,302,5.6,4.81,23.6,OL
324,33,9.5,75,338,5.33,4.81,25.1,OL
305,32,9.75,76,305,5.01,4.62,25.1,OL
315,31.75,9.75,76,276,5.09,4.4,29.3,OL
312,33.125,9.375,77,296,5.27,4.75,24.8,OL
315,32.25,9.375,78,285,5.12,4.65,35.5,OL
321,34.25,9.75,75,323,5.22,4.64,26,OL
317,33.25,10.25,77,295,5.44,4.97,24,OL
313,33.375,8.5,74,274,5.3,5.06,26.8,OL
321,34.25,10,76,336,5.27,4.76,26.8,DL
275,33.75,9.875,77,290,4.93,4.44,32.2,DL
309,33.5,10,75,258,5.16,4.75,26.5,DL
315,33,9.625,74,293,5.15,4.91,22.1,DL
314,31.5,10.125,76,341,NA,NA,NA,DL
311,33,9.375,75,348,5.24,4.8,24.7,DL
314,31.625,9.75,73,311,5.44,4.69,29.5,DL
329,33,9.125,75,339,NA,NA,20.6,DL
296,34.5,9.375,76,295,5.06,4.47,29,DL
297,34.375,9.75,76,262,4.95,4.61,34.9,DL
283,34,10,77,235,4.94,4.6,29,DL
269,33.75,10.375,75,225,4.77,4.41,37.3,DL
283,33.75,9.875,75,281,5.21,4.66,28.4,DL
280,32.875,10.25,74,265,4.7,4.44,36.2,DL
251,34.625,10.25,77,240,4.46,4,38.3,DL
281,33.5,10.25,77,240,4.85,4.37,30.9,DL
229,31.5,10.375,73,202,4.54,4.09,33.6,LB
250,34,10.375,77,234,4.6,4.32,40,LB
232,32.25,10,75,217,4.51,4.27,38.4,LB
227,32.125,9,73,183,4.63,4.16,32.7,LB
228,31,10.25,71,234,4.8,4.06,36.1,LB
236,32,9.625,75,220,4.39,4.19,39.7,LB
252,33.5,9,75,238,4.62,4.25,35.6,LB
226,32,9.375,75,195,4.69,NA,28.5,LB
223,31.125,9,73,201,4.55,4.19,35.8,LB
244,31.5,10,73,206,4.74,4.08,33.3,LB
237,33.125,10,72,215,4.98,4.54,32,LB
236,32,10,74,204,4.71,4.28,33.9,LB
232,33,8.875,75,205,4.59,4.09,35.6,LB
236,32,9.75,75,205,4.8,4.32,32,LB
236,32.375,9.5,73,210,4.79,4.33,27.5,LB
183,30.25,8.5,72,170,4.67,4.62,30.4,DB
199,31.5,9.25,72,196,4.35,3.83,35.9,DB
199,31.5,9.25,73,185,4.82,4.25,29.6,DB
206,32.75,8.5,73,182,4.67,4.5,36.1,DB
197,31.5,9,71,197,4.63,4.22,35.3,DB
190,29.75,9.125,70,180,4.57,4.22,31.5,DB
196,32,9.625,74,184,4.56,4.25,36.3,DB
189,30.875,8.75,70,181,NA,4.2,33,DB
178,29.5,8.75,71,170,4.69,4.84,31.4,DB
196,31.125,9.375,73,203,NA,4.46,25.5,DB
209,31.75,10.25,73,185,4.73,4.4,40,DB
200,31.25,9.25,71,191,4.57,4,33.6,DB
183,31.25,8.75,80,307,5.58,5.03,23.8,DB
204,31.25,9.375,73,194,4.54,3.87,37.4,DB
202,33.875,9,75,180,4.64,4.33,30.4,DB
216,32,8.625,73,209,4.58,4.28,32,DB
207,33.375,9.5,74,192,4.86,4.72,33.6,DB
215,33,9.5,74,202,4.52,4.27,36.9,DB
207,31.625,9.75,74,193,4.67,4.22,39.1,DB
186,31.375,8.875,72,180,NA,NA,31.2,DB
202,31,8.75,71,183,4.7,4.07,35,DB
209,31.25,8.125,70,179,4.67,4.15,28.1,DB
198,29.75,8.5,71,171,4.57,4.06,31.5,DB
229,32.25,9.5,76,204,4.87,4.2,35,QB
231,32.875,9.5,78,217,NA,4.75,24.6,QB
219,31.125,8.875,75,224,4.96,4.55,30.1,QB
222,31.75,9.75,74,208,4.85,4.34,30.9,QB
213,32.125,10.625,75,192,4.86,4.43,32,QB
224,32.625,10.5,75,179,5.13,4.85,30.4,QB
231,32.75,9.375,77,194,4.75,4.22,29,QB
229,33.375,9.75,76,210,NA,NA,31,QB
217,30.5,9.875,73,215,4.9,4.3,33.2,QB
198,31.5,9.25,72,196,4.35,3.83,35.9,WR
198,31.5,9.25,73,185,4.82,4.25,29.6,WR
220,33.375,8.875,77,200,NA,4.32,33.5,WR
238,32.5,9.875,77,214,4.6,4.53,32.8,WR
209,32.875,9.125,75,190,4.38,4.29,39.1,WR
201,31.375,9.5,75,181,4.57,4.26,31.6,WR
200,30.625,9.5,71,193,4.38,4.24,37.7,WR
212,32.25,9.5,75,209,4.53,4.31,37.7,WR
216,34.125,9.25,77,191,4.75,4.23,34,WR
196,29.125,9.25,73,194,4.59,3.93,37.1,WR
200,32.75,9.125,74,175,NA,4.53,NA,WR
215,31.625,9,75,186,NA,4.56,31.6,WR
193,32.125,9.5,73,180,4.55,4.2,37.4,WR
230,34.25,10.5,77,212,4.77,4.31,31.1,WR
212,33.5,10.125,74,200,4.45,4.18,38.8,WR
206,31.375,9.5,71,183,4.41,4.43,38.4,WR
197,30.625,9,72,185,4.75,4.27,33.7,WR
170,30.375,8.375,70,170,4.38,NA,NA,WR
257,33.25,9.75,77,272,5.08,4.61,31.1,TE
248,32,10,75,238,4.82,4.35,32.8,TE
242,33.5,9.125,77,227,4.69,4.58,36.2,TE
252,33.25,9.625,79,228,4.86,4.47,31.5,TE
257,32.875,10.5,77,224,5.06,4.51,31,TE
248,35.375,10.125,77,230,4.72,4.6,33,TE
244,31.125,9.5,77,220,4.76,4.44,31,TE
197,29.25,8.75,72,191,4.32,4.04,35.7,RB
217,30.625,9,71,213,4.41,4.09,40.6,RB
207,31.25,8.625,70,203,4.7,4.1,32.8,RB
209,29.75,9.5,70,201,4.44,4.09,43.1,RB
207,29,9.625,68,201,4.47,4.04,39.8,RB
208,30.375,8.875,69,203,4.53,4.04,32.8,RB
223,31.25,9.25,70,200,4.76,4.38,33.5,RB
232,32.125,10,75,219,4.75,4.23,36.3,RB
185,28.75,8.5,65,160,4.7,4.09,35.8,RB
226,31.125,9.5,71,208,4.42,4.3,34.4,RB
217,32.25,9.375,74,209,4.65,4.23,32.5,RB
314,33.625,9.625,75,257,5.14,4.76,23.4,OL
315,31.125,10.125,77,293,5.31,5.03,23.8,OL
300,32.25,10,77,250,5.17,4.63,28.6,OL
321,33,10,77,320,5.21,4.7,27,OL
311,33.375,9,78,293,5.31,4.87,25.3,OL
303,32.75,9.25,76,288,5.6,5.09,25,OL
302,32.125,9.75,73,272,5.41,4.76,28.8,OL
309,33.75,9.625,75,285,NA,4.9,22,OL
306,33.5,10.5,77,290,5.36,4.9,25.6,OL
316,33.875,10,78,270,5.31,4.52,28.3,OL
315,34.25,10.5,77,312,5.6,5.18,23.2,OL
307,33.125,11,75,321,5.26,4.66,28.7,OL
315,36.125,10.25,77,326,5.35,4.61,28.1,OL
317,32.5,9.5,77,270,NA,NA,24,OL
304,32.125,9.75,76,312,5.77,5.08,23.1,OL
312,34.25,10,77,318,5.19,4.75,26.3,OL
350,35.5,10.25,79,354,5.6,5.23,26,OL
320,34,10.25,77,290,5.29,5.03,25,OL
309,33.5,10.125,75,268,4.88,4.49,30.7,DL
290,32.375,9.75,75,326,5.32,4.61,25.1,DL
326,34.25,9,76,322,5.28,4.82,23.1,DL
313,32,9.625,74,270,NA,4.35,32,DL
308,31.5,9.75,74,260,NA,4.5,33,DL
311,33.875,11,80,318,5.49,4.84,26.2,EDGE
302,32.375,10.25,76,301,NA,4.35,25.3,DL
263,34,9.625,76,222,4.87,4.4,36.2,EDGE
320,33,9.75,76,285,5.62,4.91,25.7,DL
248,32.375,9.25,76,212,4.98,4.63,32.7,EDGE
289,31.875,9.875,77,282,4.97,4.3,29.3,EDGE
252,34.375,10.25,76,216,5.14,4.63,31.5,EDGE
262,32.875,9.75,75,252,NA,4.5,27.8,EDGE
264,32.375,9.25,75,220,4.84,4.6,32.1,EDGE
261,32.75,10,75,239,4.98,4.31,29.7,EDGE
275,32.375,10.125,76,247,5.01,4.6,31,DL
264,33.75,10,77,226,4.94,4.46,30.3,EDGE
235,31.5,9.375,73,215,NA,NA,33,LB
238,32.75,9.625,74,204,4.76,4.59,30.4,EDGE
240,32.875,9.125,76,256,NA,4.88,24.2,LB
233,34,9.5,77,199,NA,4.56,32,EDGE
280,33.75,10.25,78,269,4.76,4.67,26.7,EDGE
236,31.375,9.5,76,212,4.53,4.16,36.1,EDGE
242,33.625,9.5,74,213,4.83,4.47,29.6,EDGE
231,32.25,9.375,75,211,4.61,4.46,31.8,LB
224,29.375,10,71,200,4.61,4.43,35.3,EDGE
227,30.5,8.75,74,200,4.78,4.07,39.2,LB
262,33.875,9.875,74,206,4.75,4.37,32.6,EDGE
240,34,10.125,75,203,4.82,4.69,30.6,LB
241,32.75,9.5,74,215,4.68,4.34,34.6,LB
235,32.375,10,72,213,NA,NA,NA,LB
234,31.625,9.125,73,239,NA,NA,28.1,LB
229,31.625,10,73,209,4.72,4.38,37.4,LB
238,33.375,9.625,76,211,4.75,4.52,36.9,LB
237,31.625,9.625,74,240,4.75,4.64,30,LB
180,29.875,9,70,182,4.51,4.23,35.1,DB
191,31,7.875,69,174,4.6,4.18,40.8,DB
183,29.5,9.125,68,168,4.69,4.16,30.2,DB
188,30.625,9,74,165,4.62,4.38,33.1,DB
197,30.625,9.125,72,172,NA,4.29,37.4,DB
197,31.75,9.125,72,183,4.4,4.42,40.8,DB
190,30.875,9.125,70,176,4.41,4.1,33.2,DB
195,29.5,9.25,70,195,4.32,4.09,33.6,DB
208,32.25,9.5,75,209,NA,NA,36.2,DB
208,32.25,9.5,75,202,4.77,4.44,31.6,DB
193,31.375,9.375,73,181,4.47,4,39.7,DB
187,30.25,9,70,170,4.62,4.35,34.6,DB
187,31.75,10.125,74,171,NA,4.24,NA,DB
185,29.375,8.75,70,170,4.83,3.93,34.6,DB
195,31.25,9,74,179,4.54,4.07,37,DB
187,31,9,72,167,4.52,4.25,31.3,DB
202,29.5,9.25,72,178,4.78,4.27,27.8,DB
194,29.625,9.5,72,177,4.5,4.03,34.2,DB
206,32.625,8.5,74,176,4.56,4.15,36.3,DB
213,30.375,9.125,76,189,4.52,4.04,36.6,DB
205,31.75,9.125,73,181,NA,4.36,32.5,DB
203,31,9,74,205,4.51,4.4,32.8,DB
208,31.75,9.5,71,180,NA,4.34,29,DB
198,30.125,8.75,72,193,4.56,4.35,34,DB
201,30.875,8.625,73,196,4.59,4.21,36.7,DB
190,29.875,9,71,173,4.5,4.1,40.2,DB
190,29.875,9,72,180,4.57,4.01,38.6,DB
203,30.125,9.5,69,183,NA,4.16,32.8,DB
210,30.25,9.375,73,185,4.79,4.31,33.5,QB
220,30.375,9.75,74,222,4.83,4.32,31.1,QB
217,32.625,9.75,75,180,4.91,4.33,30.9,QB
217,31.375,9.5,76,198,NA,4.32,32.7,QB
211,33.5,9.375,75,202,4.81,4.55,30,QB
234,30.5,9.75,76,237,4.76,4.47,31.2,QB
236,33,10.125,78,211,5.12,4.5,28.5,QB
217,32.375,9.875,75,217,4.67,4.15,34.2,WR
222,31.625,10.25,76,186,4.52,4.12,35.9,WR
220,31.375,9.625,76,202,4.47,4.01,33.8,WR
215,33,9.75,74,206,4.78,4.47,34.7,WR
187,31.75,9.125,73,166,4.39,4.16,35,WR
204,32.75,10,73,200,4.64,4.31,35.9,WR
212,30.375,9.5,70,209,4.49,4.27,38.1,WR
218,34.25,9.375,79,335,5.99,5.57,21.1,WR
193,31.25,9.25,72,177,4.69,4.43,41.4,WR
184,32.875,9.5,74,180,NA,4.2,32.5,WR
194,30.375,9.75,72,182,4.58,4.2,34.1,WR
245,33.25,9.75,77,215,4.69,4.46,33.3,TE
251,33,9.25,78,244,4.95,4.36,32.4,TE
240,31.625,9.375,77,224,4.81,4.64,28.9,TE
213,32.5,8.625,71,198,4.59,4.16,35.6,RB
218,31,9.375,71,188,NA,NA,30.6,RB
201,29.125,8.75,70,193,4.71,4.18,36.8,RB
215,30.125,9.375,71,199,4.43,4.33,37.3,RB
211,32.5,10,71,194,4.66,4.18,36.2,RB
189,31.375,9.375,69,178,4.62,4.03,36.1,RB
232,33.375,10.25,75,226,4.66,4.16,32.2,RB
214,30.5,9.625,71,205,4.64,4.3,37.6,RB
246,32.625,9.375,75,247,4.88,4.27,29.3,RB
215,33.375,9.375,73,214,NA,4.27,34.7,RB
309,31.625,10,77,302,5.3,4.69,26,OL
308,35,10,80,323,5.58,4.81,21.9,OL
325,33.125,10.125,79,344,5.64,4.91,23.8,OL
343,33.75,9.75,79,314,5.11,4.97,25.8,OL
316,33,10.25,79,310,5.67,5.22,21.8,OL
333,33.25,10.375,77,306,5.28,4.79,27.3,OL
307,34.375,10,80,325,6.1,5.48,17.6,OL
305,32.25,10.125,74,270,5.14,4.93,27.9,OL
306,32.125,9.75,77,276,5.49,4.87,27.9,OL
302,32.5,9.625,77,310,5.51,4.81,27,OL
321,32.5,9.5,77,286,5.56,5.58,21.1,OL
293,31.125,8.25,74,302,5.56,4.73,24.4,OL
309,33.5,10.625,77,308,5.38,4.96,24,OL
312,33.875,9.5,78,327,5.22,4.89,27.8,OL
313,33.75,10.125,80,305,5.28,4.4,27.4,OL
330,34.125,9.625,73,174,4.89,4.43,28.7,OL
310,32,10.375,78,310,5.11,4.49,29.6,OL
304,33,10.5,75,269,5.41,4.96,24.9,OL
321,33.75,10,78,299,5.31,4.78,28.3,OL
321,33.75,10,73,202,4.8,4.53,28.6,OL
308,32.125,9.625,76,270,NA,4.86,NA,OL
310,33.75,10.125,79,296,5.6,5.32,23.4,OL
253,32.125,9.625,75,238,4.89,4.21,32.4,EDGE
262,33.125,9.5,74,254,5.13,4.64,28.9,EDGE
275,32.5,10.5,76,265,5.14,4.47,27.9,EDGE
258,31,10.125,75,252,5.08,4.32,29.8,EDGE
260,34.5,9.5,78,256,4.86,4.67,30.2,EDGE
282,34.125,10.375,74,257,5,4.7,33.3,EDGE
260,35.25,9.625,76,215,5.01,4.21,30.2,EDGE
261,33,10,76,226,4.75,4.47,35.2,EDGE
260,33.25,9.75,77,241,4.65,4.5,32.1,EDGE
251,33.75,10.125,74,206,4.85,4.69,30.3,EDGE
266,35.25,10.875,77,247,4.62,4.27,33.4,EDGE
255,33.375,9.25,78,217,4.75,4.63,29.3,EDGE
242,33,9.5,75,215,NA,4.64,32.5,EDGE
259,33.25,9.75,77,241,5.23,4.66,27.1,EDGE
327,34,10.875,76,288,6.06,5.83,20.4,DL
350,33.625,10.25,75,376,5.52,4.89,22.8,DL
330,32.625,9.125,77,353,5.29,5.13,27.3,DL
278,32.25,8.875,74,280,5.31,4.55,31.4,DL
305,32.5,9.375,75,297,5.04,4.76,26,DL
317,33,10.375,75,295,5.28,4.69,25.6,DL
303,33.375,10.125,76,332,5.17,4.56,25.1,DL
245,33.5,10,75,232,4.56,4.18,37.4,LB
234,33,9.5,75,200,4.7,4.41,34.9,LB
225,32.75,9.375,75,222,4.67,4.12,30.3,EDGE
227,30.25,9.625,74,200,NA,NA,31.3,EDGE
235,31.875,9.25,74,235,4.56,4.09,37.1,LB
233,30.75,8.625,73,228,4.62,4.55,32,LB
229,30.25,9.625,75,197,NA,NA,NA,LB
185,30.375,9.5,71,173,4.43,3.93,36.5,DB
192,31,8.875,71,177,4.52,3.96,36.4,DB
199,30.625,9.75,71,183,4.43,3.96,33.6,DB
205,32.125,9,75,183,4.71,4.66,34.9,DB
192,29.5,9.5,71,181,4.51,3.93,37.1,DB
186,30.25,8.75,73,175,4.63,4.22,35.5,DB
202,32.625,9.375,75,189,4.58,3.86,36.6,DB
213,32,9.75,73,201,4.7,4.36,30.5,DB
194,32.75,9.125,73,172,4.47,4.06,31.3,DB
187,31.125,9.5,75,186,4.7,4.64,32.4,DB
191,32.25,8.625,72,174,4.43,3.9,35.9,DB
207,32.625,10.125,74,197,4.75,4.5,31.9,DB
189,31.5,9.25,72,171,4.74,4.21,32.5,DB
191,30.75,9.625,72,180,4.42,4.09,38.8,DB
204,30.75,9.625,72,191,4.76,4.47,34.5,DB
184,29.125,9.5,70,174,4.52,4.29,36,DB
207,31.25,9.625,72,202,4.58,4.5,36.1,DB
200,32.25,9.125,73,182,NA,4.12,30.1,DB
218,31.125,9.5,75,190,4.96,4.35,30.9,QB
249,33.75,9.875,79,246,NA,NA,NA,QB
217,30.875,8.5,75,193,4.77,4.25,34.6,QB
217,31,8.625,74,195,4.72,NA,29,QB
177,32,9.75,73,166,NA,4.19,30.5,WR
194,31.5,10,72,172,4.64,4.3,33.3,WR
209,30.25,7.625,71,185,4.66,4.3,33.9,RB
204,32.125,9,72,190,NA,NA,NA,RB
206,29.75,8.5,72,188,4.4,4.42,32.8,RB
225,31.875,9.75,74,216,4.62,4.32,31.6,RB
213,30.25,8.25,72,196,4.59,4.4,31,RB
250,32.625,9.5,77,209,4.73,4.15,34.4,TE
239,31.625,10.5,76,224,NA,NA,33.5,TE
233,31.875,9.5,72,219,NA,4.5,NA,TE
253,34.5,9.5,79,230,5,4.41,29.6,TE
312,34.375,10.25,77,282,5.81,4.86,25.4,OL
306,32.875,9.625,77,297,5.5,4.9,21.4,OL
321,34.375,9.25,78,331,5.09,4.9,30.4,OL
321,36.125,9.875,79,279,5.22,4.6,28.8,OL
307,33.125,10,77,283,5.64,5.13,23.4,OL
318,34.875,8.875,78,334,5.79,5.31,21.5,OL
315,33.875,10.5,79,256,5.03,4.3,27.2,OL
311,33.125,10.25,77,205,4.81,4.55,30.5,OL
317,33.125,9.75,76,310,5.59,4.99,20,OL
314,33.25,10,77,356,5.41,5.16,25.8,OL
314,31.875,9.625,75,253,5.25,4.8,26.3,OL
325,34.125,10,79,290,5.46,4.6,25.7,OL
297,33.5,9.25,76,265,5.11,4.78,32.5,DL
341,34,10.75,77,257,NA,4.44,29.3,DL
302,33.625,9.5,74,223,NA,4.4,29.5,DL
300,31.625,9.875,74,298,5.13,4.41,26.7,DL
310,34.625,10.375,76,287,5.38,5.35,24.4,DL
308,35.5,10.5,78,279,NA,5.07,22.8,DL
248,30.875,9.75,76,247,4.98,4.58,33.8,DL
268,32.75,9.625,75,253,4.75,4.3,39,DL
283,32.625,8.5,77,270,4.93,4.47,30.1,DL
267,32.5,10.25,75,181,4.58,4.26,35.1,DL
224,30.25,9.625,74,202,4.85,4.4,34.9,LB
239,32.375,10.125,75,209,4.51,4.33,32.1,LB
254,34,10.125,74,302,5.56,4.73,24.4,LB
238,30.5,9.375,75,205,4.88,4.44,37.4,LB
249,35,10.125,76,210,NA,4.4,33.2,LB
232,30.125,9.625,71,180,4.87,4.41,33.7,LB
250,34.625,10.25,79,335,5.99,5.57,21.1,LB
233,31.5,10,74,220,4.84,4.27,36.5,LB
197,30.75,8.75,73,177,4.71,4.19,33.5,DB
171,30.75,8.875,76,271,5.71,4.9,21,DB
174,28.875,8.875,67,153,4.36,4.14,32.5,DB
174,28.875,8.875,68,164,4.72,4.13,34.9,DB
180,31.875,9.25,72,170,4.65,4.3,37.1,DB
196,31.875,8.25,71,176,4.69,4.36,40.6,DB
194,30.875,9.375,72,180,4.57,4.27,40.4,DB
212,32.375,9.375,75,194,4.71,4.46,34.9,DB
209,31.375,9,75,188,4.57,4.46,32.2,DB
201,31.25,9.125,73,176,NA,4.19,34.9,DB
